term,aspect
store,general
grocery,general
shop,general
shopping,general
customer,general
idea,general
future,general
concept,general
supermarket,general
quality,general
shopper,general
trend,general
retailer,general
opportunity,general
retail,general
format,general
mall,general
development,general
application,general
client,general
novelty,general
growth,general
facility,general
superstore,general
evolution,general
tendency,general
general,general
achievement,general
appreciation,general
praise,general
thrive,general
renovation,general
perfection,general
advantage,general
utility,general
cascade,general
effortless,general
optimize,general
modern,general
futuristic,general
develop,general
modernize,general
essentially,general
necessarily,general
typically,general
potentially,general
socially,general
remarkably,general
grocery store,general
fresh store,general
amazon fresh,general
store like,general
walk store,general
new store,general
fresh grocery,general
grocery shopping,general
food store,general
nice kroger,general
amazon store,general
retail store,general
shop store,general
pickup store,general
future shopping,general
bad kroger,general
store buy,general
go fresh,general
grocery shop,general
people store,general
physical store,general
store go,general
store store,general
kroger marketplace,general
kroger look,general
store look,general
visit store,general
industrial revolution,general
buy grocery,general
great idea,general
near future,general
line fantastic,general
kroger like,general
amazon shop,general
large development,general
the future,general
future grocery,general
future retail,general
potential benefit,general
ya fantasy,general
department store,general
fresh cool,general
life good,general
new concept,general
probably go,general
want return,general
world retail,general
cool cooler,general
joy flushed,general
like new,general
need buy,general
physical retail,general
pro reflective,general
real job,general
self store,general
shop local,general
store expansion,general
good store,general
kroger store,general
like walmart,general
future store,general
high efficiency,general
need apply,general
retail innovation,general
future go,general
future job,general
shopping center,general
great concept,general
idea store,general
convenient store,general
great retail,general
ready fresh,general
think future,general
qr code,general
store shopping,general
scan thing,general
similar store,general
store arrive,general
store flushed,general
store item,general
future look,general
like future,general
unmanned store,general
future like,general
concept future,general
feel good,general
glimpse future,general
good place,general
store system,general
the store,general
grocery sale,general
shopping store,general
premium modern,general
pretty store,general
probably good,general
improve customer,general
improve life,general
negative impact,general
neighbor hood,general
nice shop,general
smart idea,general
traditional retail,general
traditional shopping,general
well supermarket,general
antibacterial,experience
visibility,experience
complexity,experience
limitation,experience
misplace,experience
insecure,experience
enhance,experience
experience,experience
line,experience
service,experience
problem,experience
purchase,experience
care,experience
support,experience
convenience,experience
issue,experience
interaction,experience
staff,experience
independence,experience
innovation,experience
process,experience
demand,experience
parking,experience
queue,experience
interest,experience
condition,experience
advantage,experience
equipment,experience
efficiency,experience
struggle,experience
interact,experience
assistance,experience
feedback,experience
restriction,experience
behaviour,experience
attitude,experience
productivity,experience
impression,experience
utility,experience
curiosity,experience
addiction,experience
comfort,experience
inconvenience,experience
pleasure,experience
difficulty,experience
react,experience
hospitality,experience
atmosphere,experience
obstacle,experience
satisfaction,experience
guideline,experience
disadvantage,experience
terrify,experience
encourage,experience
backlash,experience
temptation,experience
satisfy,experience
inconvenient,experience
effortless,experience
choke,experience
delight,experience
heaven,experience
niceeee,experience
waiting,experience
attract,experience
expectancy,experience
brief,experience
suspect,experience
convenient,experience
amuse,experience
cleaner,experience
easy,experience
long,experience
simple,experience
quick,experience
fast,experience
friendly,experience
uncomfortable,experience
liberal,experience
comfortable,experience
ideal,experience
disappointed,experience
complex,experience
amazed,experience
complicated,experience
practical,experience
fascinating,experience
surprising,experience
excite,experience
rapid,experience
joyful,experience
enjoyable,experience
shocking,experience
fabulous,experience
satisfied,experience
careless,experience
immediate,experience
unpleasant,experience
impatient,experience
pleasant,experience
amusing,experience
horrific,experience
comfy,experience
depressed,experience
unhappy,experience
stressful,experience
entertaining,experience
delighted,experience
crowded,experience
interactive,experience
vend,experience
disappoint,experience
decline,experience
surprised,experience
scared,experience
downside,experience
respect,experience
loved,experience
satisfying,experience
disturbing,experience
horrify,experience
entertain,experience
favor,experience
inspiring,experience
experienced,experience
discomfort,experience
slowly,experience
efficiently,experience
easily,experience
hard,experience
quickly,experience
immediately,experience
constantly,experience
instantly,experience
effectively,experience
rapidly,experience
happily,experience
horribly,experience
poorly,experience
fresh scent,experience
convenience store,experience
like fresh,experience
customer service,experience
fresh delivery,experience
shipping order,experience
overnight shipping,experience
shopping experience,experience
ship right,experience
self service,experience
return item,experience
self serve,experience
item cart,experience
grocery delivery,experience
place order,experience
waste time,experience
self line,experience
step advanced,experience
refund item,experience
order deliver,experience
save time,experience
delivery service,experience
grocery deliver,experience
free delivery,experience
customer experience,experience
car parking,experience
parking garage,experience
advanced shopping,experience
deliver grocery,experience
clean disinfect,experience
double exclamation,experience
wait long,experience
experience fresh,experience
sanitize clean,experience
delivery time,experience
customer support,experience
free shopping,experience
social interaction,experience
experience store,experience
fresh service,experience
select item,experience
user experience,experience
help customer,experience
require human,experience
shopping easy,experience
good seller,experience
good service,experience
line wait,experience
little store,experience
check fast,experience
physically return,experience
place awesome,experience
process return,experience
inconvenience cause,experience
retail convenience,experience
slow cashier,experience
support service,experience
avail service,experience
equipment,product
placement,product
equip,product
setup,product
merchandise,product
infrastructure,product
pantry,product
availability,product
assortment,product
abundance,product
arrangement,product
shelve,product
diversity,product
presentation,product
stall,product
plenty,product
commodity,product
arrange,product
sanitary,product
exposure,product
architecture,product
appearance,product
provide,product
decoration,product
packaging,product
misplace,product
outfit,product
unbox,product
cleanliness,product
interface,product
antibacterial,product
shortcoming,product
outlook,product
dirty,product
deliverable,product
yield,product
portable,product
fresh,product
available,product
clean,product
organic,product
neat,product
cleaner,product
bulk,product
sufficient,product
unavailable,product
narrow,product
numerous,product
qualified,product
insufficient,product
affluent,product
diverse,product
hygienic,product
dummy,product
filthy,product
gigantic,product
picky,product
vacant,product
freshen,product
item,product
bagging,product
restock,product
design,product
manufacture,product
replenish,product
displace,product
supply,product
vastly,product
little store,product
pick item,product
stock shelf,product
concept store,product
store concept,product
store stock,product
wrong item,product
food insecurity,product
item shelf,product
open concept,product
management product,product
indoor application,product
store format,product
warehouse track,product
bunch stuff,product
food container,product
grocery item,product
hard find,product
return product,product
check item,product
miss item,product
restock shelf,product
store product,product
pick shelf,product
put item,product
supply demand,product
design use,product
item order,product
new product,product
sell fresh,product
food option,product
quick suggestion,product
shelf stock,product
pickup location,product
small selection,product
find good,product
limited selection,product
warehouse restock,product
put shelf,product
real food,product
sale fresh,product
selection item,product
self system,product
shelf place,product
shelf stuff,product
product quantity,product
refill shelf,product
stock grocery,product
stock inventory,product
stock issue,product
job,unemployment
employee,unemployment
fire,unemployment
worker,unemployment
wage,unemployment
retire,unemployment
unemployment,unemployment
labor,unemployment
employment,unemployment
career,unemployment
salary,unemployment
employ,unemployment
jobs,unemployment
employer,unemployment
labour,unemployment
cashiers,unemployment
placement,unemployment
jobless,unemployment
removal,unemployment
dealer,unemployment
profession,unemployment
payroll,unemployment
hire,unemployment
salesman,unemployment
qualification,unemployment
displace,unemployment
layoff,unemployment
certification,unemployment
receptionist,unemployment
staffer,unemployment
syndicate,unemployment
employees,unemployment
bachelor,unemployment
recruitment,unemployment
substitute,unemployment
retirement,unemployment
coworker,unemployment
recruiter,unemployment
redundant,unemployment
literacy,unemployment
robot,unemployment
staff,unemployment
abundance,unemployment
certificate,unemployment
unemployed,unemployment
unskilled,unemployment
uneducated,unemployment
underpaid,unemployment
artesian,unemployment
underemployment,unemployment
work,unemployment
lose,unemployment
eliminate,unemployment
quit,unemployment
cashier,unemployment
demonetize,unemployment
lose job,unemployment
retire early,unemployment
independence retire,unemployment
minimum wage,unemployment
take job,unemployment
take away,unemployment
cashier job,unemployment
job lose,unemployment
basic income,unemployment
new job,unemployment
need people,unemployment
job replace,unemployment
job create,unemployment
create job,unemployment
low income,unemployment
need human,unemployment
human job,unemployment
loose job,unemployment
poor people,unemployment
job loss,unemployment
find job,unemployment
store employee,unemployment
pay job,unemployment
pay employee,unemployment
away people,unemployment
replace job,unemployment
hire people,unemployment
kill job,unemployment
wage job,unemployment
job cashier,unemployment
loss job,unemployment
replace human,unemployment
eliminate job,unemployment
steal job,unemployment
job future,unemployment
job human,unemployment
replace people,unemployment
job opportunity,unemployment
skill job,unemployment
replace cashier,unemployment
tech job,unemployment
employee work,unemployment
unemployment rate,unemployment
cut job,unemployment
job available,unemployment
retail job,unemployment
job open,unemployment
job robot,unemployment
pay worker,unemployment
universal income,unemployment
job disappear,unemployment
job market,unemployment
low wage,unemployment
cashier work,unemployment
get job,unemployment
human work,unemployment
min wage,unemployment
people unemployed,unemployment
worker job,unemployment
high education,unemployment
machine job,unemployment
work pay,unemployment
lost job,unemployment
remove job,unemployment
replace worker,unemployment
destroy job,unemployment
job leave,unemployment
lack job,unemployment
unemployed people,unemployment
hire opportunity,unemployment
hard job,unemployment
job problem,unemployment
provide job,unemployment
unskilled worker,unemployment
worker right,unemployment
cashier replace,unemployment
job eliminate,unemployment
job increase,unemployment
jobless people,unemployment
labor cost,unemployment
bring job,unemployment
cashier staff,unemployment
education job,unemployment
reduce job,unemployment
remove cashier,unemployment
rip cashier,unemployment
income pay,unemployment
increase job,unemployment
poor job,unemployment
poor work,unemployment
prospect job,unemployment
quit job,unemployment
reduce employee,unemployment
reduce employment,unemployment
remove jobs,unemployment
service employee,unemployment
shortage job,unemployment
staff job,unemployment
supermarket cashier,unemployment
supermarket employee,unemployment
supermarket staff,unemployment
supermarket worker,unemployment
support jobless,unemployment
account,data
detect,data
detector,data
device,data
recognition,data
surveillance,data
notification,data
analysis,data
barcode,data
censor,data
recognize,data
handprint,data
biometric,data
specialty,data
scanning,data
cam,data
verification,data
identification,data
integration,data
analyst,data
integrity,data
analyze,data
sync,data
archive,data
personalize,data
digital,data
scan,data
artificial,data
informative,data
analytic,data
premium,data
statistical,data
sensory,data
identify,data
track,data
integrate,data
clarify,data
complicated,data
supervise,data
personally,data
collect offer,data
machine learning,data
customer care,data
datum collect,data
link account,data
print account,data
new account,data
cart shopping,data
cart scan,data
cart work,data
delete account,data
automatically charge,data
data collection,data
palm scan,data
regular cart,data
track movement,data
store analytic,data
amazon app,data
time use,data
personal datum,data
scan person,data
store datum,data
datum store,data
finger print,data
profile click,data
purchase account,data
register account,data
recognition camera,data
record item,data
register error,data
search history,data
system camera,data
facial recognition,data
scan palm,data
prime account,data
face recognition,data
amazon prime,data
scan account,data
scan machine,data
scan system,data
payment information,data
recognition system,data
recommend list,data
shop camera,data
target people,data
validation,privacy
access,privacy
identification,privacy
detector,privacy
assure,privacy
outlook,privacy
suspect,privacy
thief,privacy
safety,privacy
hack,privacy
protector,privacy
risk,privacy
fraud,privacy
guard,privacy
protection,privacy
insecurity,privacy
insurance,privacy
deception,privacy
attack,privacy
shoplifting,privacy
permission,privacy
guarantee,privacy
shoplifter,privacy
scam,privacy
responsibility,privacy
rob,privacy
hacker,privacy
cheat,privacy
shoplift,privacy
robbery,privacy
virus,privacy
defense,privacy
criminal,privacy
protect,privacy
certificate,privacy
reliance,privacy
felony,privacy
safeway,privacy
detection,privacy
stealing,privacy
harm,privacy
spoiler,privacy
spoil,privacy
blocker,privacy
compliance,privacy
mislead,privacy
bandit,privacy
obligation,privacy
warranty,privacy
belief,privacy
stole,privacy
sneak,privacy
guardian,privacy
reliability,privacy
authorization,privacy
thievery,privacy
discipline,privacy
mishap,privacy
misdemeanor,privacy
robber,privacy
unlock,privacy
precaution,privacy
autonomy,privacy
spencer,privacy
safe,privacy
dummy,privacy
deter,privacy
gangster,privacy
offender,privacy
secure,privacy
dishonest,privacy
steal,privacy
private,privacy
illegal,privacy
dangerous,privacy
moral,privacy
responsible,privacy
suspicious,privacy
spoof,privacy
sophisticated,privacy
shady,privacy
conservative,privacy
skeptical,privacy
legitimate,privacy
fraudulent,privacy
legit,privacy
executive,privacy
trustworthy,privacy
faulty,privacy
unsafe,privacy
irresponsible,privacy
principle,privacy
defensive,privacy
intrusive,privacy
unattended,privacy
lax,privacy
insecure,privacy
kill,privacy
fault,privacy
threaded,privacy
expose,privacy
defend,privacy
threaten,privacy
pinched,privacy
fool,privacy
theft,privacy
stolen,privacy
censor,privacy
deceive,privacy
thieve,privacy
patronize,privacy
legally,privacy
doubt,privacy
privately,privacy
personal datum,privacy
scan person,privacy
security camera,privacy
finger print,privacy
security check,privacy
search history,privacy
security guard,privacy
honor system,privacy
steal store,privacy
easy steal,privacy
go steal,privacy
try steal,privacy
say steal,privacy
steal stuff,privacy
safety concern,privacy
steal item,privacy
shop lift,privacy
steal cart,privacy
theft tip,privacy
commit crime,privacy
steal phone,privacy
rob store,privacy
fake account,privacy
get rob,privacy
steal food,privacy
bank detail,privacy
money steal,privacy
tip steal,privacy
prevent shoplifting,privacy
prevent theft,privacy
safety net,privacy
payment information,privacy
reduce theft,privacy
security job,privacy
shelf security,privacy
shop security,privacy
steal information,privacy
system security,privacy
account,payment
refund,payment
credit,payment
cash,payment
dollar,payment
payment,payment
receipt,payment
scanner,payment
bill,payment
bank,payment
checkout,payment
post,payment
pocket,payment
debit,payment
entry,payment
gate,payment
fee,payment
barrier,payment
wallet,payment
entrance,payment
recipe,payment
transaction,payment
currency,payment
cashless,payment
calculator,payment
visa,payment
banking,payment
invoice,payment
asset,payment
banknote,payment
penny,payment
payer,payment
calculate,payment
assure,payment
verify,payment
authentication,payment
dispenser,payment
gateway,payment
validation,payment
reception,payment
charging,payment
monetization,payment
deduction,payment
calculation,payment
reimburse,payment
accounting,payment
measurement,payment
audit,payment
line,payment
identity,payment
detect,payment
cashiers,payment
specie,payment
stealing,payment
recharge,payment
unlock,payment
precaution,payment
complexity,payment
recognition,payment
recognize,payment
detection,payment
quick,payment
fast,payment
wireless,payment
automate,payment
queue,payment
identical,payment
save,payment
underpaid,payment
immediate,payment
validate,payment
economical,payment
free,payment
automatic,payment
exact,payment
portable,payment
accurate,payment
autonomous,payment
unmanned,payment
acceptable,payment
cashier,payment
incorrect,payment
dishonest,payment
unpaid,payment
unscanned,payment
overspend,payment
vend,payment
pay,payment
check,payment
enter,payment
charge,payment
identify,payment
demonetize,payment
prepaid,payment
paying,payment
tracking,payment
billing,payment
scanned,payment
quickly,payment
immediately,payment
rapidly,payment
exactly,payment
automatically,payment
directly,payment
slowly,payment
correctly,payment
app,payment
accurately,payment
online,payment
incorrectly,payment
precisely,payment
dangerously,payment
credit card,payment
financial independence,payment
self check,payment
wait line,payment
enter store,payment
amazon account,payment
debit card,payment
scan phone,payment
scan code,payment
bank account,payment
get charge,payment
pay cash,payment
cash register,payment
charge account,payment
store cashier,payment
charge item,payment
link cashier,payment
store pay,payment
get pay,payment
entry level,payment
pay cashier,payment
pay bill,payment
card decline,payment
charge card,payment
available check,payment
pay item,payment
bank card,payment
work cashier,payment
item purchase,payment
payment method,payment
pickup open,payment
use cash,payment
card get,payment
like cashier,payment
pay card,payment
bill pay,payment
cashier self,payment
check receipt,payment
money card,payment
pay stuff,payment
scan pay,payment
scan stuff,payment
store charge,payment
item pay,payment
scan product,payment
store check,payment
pay money,payment
scan walk,payment
scanner scan,payment
credit debit,payment
pay phone,payment
account charge,payment
line pay,payment
pay tax,payment
use card,payment
use credit,payment
accept cash,payment
apple pay,payment
card min,payment
card pay,payment
cashier scan,payment
discount card,payment
phone scan,payment
pin code,payment
ur card,payment
account link,payment
card account,payment
cost job,payment
account money,payment
employee discount,payment
order valid,payment
price check,payment
account credit,payment
cashier system,payment
payment system,payment
discount credit,payment
return money,payment
check people,payment
pay cart,payment
scan account,payment
security camera,payment
checkout line,payment
purchase time,payment
queue wait,payment
real cashier,payment
refund time,payment
require scan,payment
scan check,payment
scan debit,payment
scan good,payment
scanner walk,payment
security check,payment
sensor pick,payment
shop charge,payment
show receipt,payment
no cashier,payment
pay debit,payment
payment technology,payment
product scanning,payment
queue long,payment
quickly pay,payment
scan cashier,payment
scan tag,payment
shop camera,payment
supermarket scan,payment
self checkout,payment
bar code,payment
item charge,payment
automatically charge,payment
time use,payment
camera detect,payment
check fast,payment
sensor ceiling,payment
register card,payment
register credit,payment
money,price
deal,price
pay,price
sale,price
bill,price
dummy,price
charging,price
price,price
charge,price
cost,price
value,price
budget,price
inflation,price
expense,price
save,price
overcharge,price
afford,price
expensive,price
saving,price
pricing,price
freshness,price
overprice,price
specie,price
saver,price
expiration,price
priceless,price
prices,price
devalue,price
freshen,price
thrift,price
expenditure,price
assessment,price
fluctuation,price
premium,price
cheap,price
worth,price
reasonable,price
affordable,price
tasty,price
valuable,price
eligible,price
savory,price
costly,price
authentic,price
variable,price
economical,price
inexpensive,price
expendable,price
cheaper,price
overpriced,price
deduct,price
evaluate,price
reduced,price
disqualify,price
overpay,price
demonetize,price
reasonably,price
economically,price
organically,price
cheaply,price
limited selection,price
profitable book,price
newsletter free,price
pack price,price
fresh food,price
grocery fresh,price
save money,price
spend money,price
qualify purchase,price
low price,price
waste money,price
price high,price
fresh item,price
high price,price
high end,price
high quality,price
fresh today,price
low pay,price
item charge,price
high pay,price
expensive item,price
load price,price
good price,price
long fresh,price
price good,price
cheap price,price
store price,price
fresh product,price
new price,price
price compare,price
price drop,price
food price,price
fresh price,price
price food,price
price store,price
vary price,price
price product,price
price low,price
price pay,price
half price,price
price increase,price
price tag,price
buy cheap,price
cheap pay,price
cheap stuff,price
cost effective,price
expensive store,price
extra money,price
food expensive,price
high cost,price
lower price,price
normal price,price
reasonable price,price
super cheap,price
super quality,price
cheap store,price
expensive food,price
cheap food,price
cheap good,price
product expensive,price
product refund,price
purchase price,price
right pay,price
sell cheap,price
selling price,price
incredibly expensive,price
overprice food,price
overprice store,price
promotion,marketing
notification,marketing
insight,marketing
advertise,marketing
advertisement,marketing
commercial,marketing
gimmick,marketing
promote,marketing
trailer,marketing
banner,marketing
survey,marketing
advertiser,marketing
influencer,marketing
email,marketing
giveaway,marketing
sponsorship,marketing
segment,marketing
gif,marketing
media,marketing
advert,marketing
broadcast,marketing
recommend,marketing
visibility,marketing
navigation,marketing
resale,marketing
account,marketing
subscription,marketing
assortment,marketing
diversity,marketing
personalize,marketing
personal,marketing
digital,marketing
viral,marketing
voucher,marketing
promotional,marketing
elastic,marketing
variable,marketing
offer,marketing
sponsor,marketing
interact,marketing
offering,marketing
communicate,marketing
branded,marketing
discount,marketing
marketing,marketing
personally,marketing
deal find,marketing
human interaction,marketing
deal start,marketing
fresh deal,marketing
prime member,marketing
gift card,marketing
deal offer,marketing
big deal,marketing
associate earn,marketing
new deal,marketing
deal free,marketing
purchase deal,marketing
clip coupon,marketing
get free,marketing
prime account,marketing
gift box,marketing
good deal,marketing
deal discount,marketing
extra discount,marketing
discount offer,marketing
give away,marketing
click ad,marketing
specific deal,marketing
offer deal,marketing
store offer,marketing
market share,marketing
amazon prime,marketing
ad video,marketing
free item,marketing
instant discount,marketing
coupon deal,marketing
discount coupon,marketing
percentage sale,marketing
see ad,marketing
avail offer,marketing
new customer,marketing
niche market,marketing
product promotion,marketing
promotion store,marketing
recommend list,marketing
send ad,marketing
send mail,marketing
special edition,marketing
specialty product,marketing
supermarket banner,marketing
target people,marketing
collect offer,marketing
link account,marketing
print account,marketing
precaution,technology
cart,technology
check,technology
camera,technology
stock,technology
shelf,technology
code,technology
sensor,technology
scanner,technology
innovation,technology
app,technology
scan,technology
fingerprint,technology
checker,technology
scanning,technology
cam,technology
verification,technology
integration,technology
achievement,technology
detection,technology
gateway,technology
validation,technology
antibacterial,technology
broadcast,technology
visibility,technology
brief,technology
technology,technology
system,technology
tech,technology
machine,technology
robot,technology
computer,technology
advance,technology
device,technology
error,technology
vision,technology
surveillance,technology
revolution,technology
invent,technology
auto,technology
intelligence,technology
server,technology
monitor,technology
automation,technology
mobile,technology
pressure,technology
install,technology
advancement,technology
invention,technology
vend,technology
detect,technology
connection,technology
analysis,technology
activate,technology
improvement,technology
algorithm,technology
barcode,technology
technique,technology
censor,technology
carts,technology
recognize,technology
software,technology
lab,technology
machinery,technology
vending,technology
laser,technology
detector,technology
mobility,technology
accessibility,technology
optimization,technology
transformation,technology
tracker,technology
setting,technology
digital,technology
internet,technology
iphone,technology
supervisor,technology
download,technology
browser,technology
android,technology
transform,technology
appliance,technology
installation,technology
disconnect,technology
renew,technology
technician,technology
radar,technology
lag,technology
adaptation,technology
ram,technology
recharge,technology
handprint,technology
obsolescence,technology
equip,technology
biometric,technology
optimize,technology
complexity,technology
artificial,technology
advanced,technology
automatic,technology
shocking,technology
trustworthy,technology
unscanned,technology
smart,technology
facial,technology
technical,technology
innovative,technology
technological,technology
wireless,technology
demographic,technology
automate,technology
compatible,technology
intelligent,technology
accessible,technology
identical,technology
revolutionary,technology
innovate,technology
functional,technology
retarded,technology
validate,technology
exploit,technology
automotive,technology
systemic,technology
scannable,technology
ai,technology
convert,technology
certify,technology
thrive,technology
renovate,technology
detected,technology
develop,technology
track,technology
complicated,technology
modernize,technology
identify,technology
technically,technology
smartly,technology
technologically,technology
artificially,technology
brilliantly,technology
automatically,technology
visually,technology
self check,technology
stock shelf,technology
replace human,technology
replace people,technology
indoor application,technology
job robot,technology
scan shop,technology
cart shopping,technology
pay cart,technology
require scan,technology
scan check,technology
scan debit,technology
scan good,technology
scanner walk,technology
sensor pick,technology
recognition camera,technology
system camera,technology
shopping cart,technology
scan item,technology
tech tip,technology
self checkout,technology
high tech,technology
vend machine,technology
facial recognition,technology
smart cart,technology
system work,technology
scan palm,technology
smart phone,technology
computer vision,technology
camera sensor,technology
tech store,technology
use phone,technology
confident system,technology
self scan,technology
store scan,technology
cell phone,technology
artificial intelligence,technology
dash cart,technology
item scan,technology
cart face,technology
mobile phone,technology
replace robot,technology
store technology,technology
scan bag,technology
camera track,technology
store camera,technology
bar code,technology
shopping technology,technology
sensor camera,technology
grocery cart,technology
technology store,technology
amazing technology,technology
deep learning,technology
store tech,technology
face recognition,technology
camera system,technology
like camera,technology
camera ceiling,technology
watch camera,technology
advance technology,technology
detect item,technology
retail technology,technology
smart store,technology
scan face,technology
tech stuff,technology
technological advancement,technology
vending machine,technology
cart check,technology
scan cart,technology
scan grab,technology
scan grocery,technology
camera detect,technology
cart grocery,technology
cashless society,technology
store cart,technology
technology advance,technology
technology shopping,technology
advanced technology,technology
advancement technology,technology
maintain system,technology
sensor ceiling,technology
shelf sensor,technology
technology progress,technology
problem system,technology
real smart,technology
robot machine,technology
scan machine,technology
scan system,technology
implement system,technology
implement technology,technology
phone sensor,technology
phone shopping,technology
phone system,technology
power technology,technology
recognition system,technology
sensor confuse,technology
sensor item,technology
sensor load,technology
sensor system,technology
shelf scan,technology
smart device,technology
smart thing,technology
system crash,technology
system problem,technology
system program,technology
technology innovation,technology
virtual shopping,technology
